symbol,company_name,sector,sub_index
ACLBSL,Aarambha Chautari Laghubitta Bittiya Sanstha Limited,Microfinance,Microfinance
ADBL,Agricultural Development Bank Limited,Commercial Banks,Commercial Bank
AHL,Asian Hydropower Limited,Hydropower,Hydro Power
AHPC,Arun Valley Hydropower Development Co. Ltd.,Hydropower,Hydro Power
AKJCL,Ankhu Khola Jalvidhyut Company Ltd,Hydropower,Hydro Power
AKPL,Arun Kabeli Power Ltd.,Hydropower,Hydro Power
ALBSL,Asha Laghubitta Bittiya Sanstha Ltd,Microfinance,Microfinance
ALICL,Asian Life Insurance Co. Limited,Life Insurance,Life Insurance
ANLB,Aatmanirbhar Laghubitta Bittiya Sanstha Limited,Microfinance,Microfinance
APHL,Appolo Hydropower Limited,Hydropower,Hydro Power
API,Api Power Company Ltd.,Hydropower,Hydro Power
AVYAN,Aviyan Laghubitta Bittiya Sanstha Limited,Microfinance,Microfinance
BANDIPUR,Bandipur Cablecar and Tourism Limited,Hotels And Tourism,Hotels And Tourism
BARUN,Barun Hydropower Co. Ltd.,Hydropower,Hydro Power
BBC,Bishal Bazar Company Limited,Tradings,Trading
BEDC,Bhugol Energy Development Company Limited,Hydropower,Hydro Power
BFC,Best Finance Company Ltd.,Finance,Finance
BGWT,Bhagawati Hydropower Development Company Limited,Hydropower,Hydro Power
BHCL,Bikash Hydropower Company Limited,Hydropower,Hydro Power
BHDC,Bindhyabasini Hydropower Development Company Limited,Hydropower,Hydro Power
BHL,Balephi Hydropower Limited,Hydropower,Hydro Power
BHPL,Barahi Hydropower Public Limited,Hydropower,Hydro Power
BJHL,Bhujung Hydropower Limited,Hydropower,Hydro Power
BNHC,Buddha Bhumi Nepal Hydropower Company Limited,Hydropower,Hydro Power
BNL,Bottlers Nepal (Balaju) Limited,Manufacturing And Processing,Manufacturing And Processing
BNT,Bottlers Nepal (Terai) Limited,Manufacturing And Processing,Manufacturing And Processing
BPCL,Butwal Power Company Limited,Hydropower,Hydro Power
BUNGAL,Bungal Hydro Limited,Hydropower,Hydro Power
CBBL,Chhimek Laghubitta Bittiya Sanstha Limited,Microfinance,Microfinance
CFCL,Central Finance Co. Ltd.,Finance,Finance
CGH,Chandragiri Hills Limited,Hotels And Tourism,Hotels And Tourism
CHCL,Chilime Hydropower Company Limited,Hydropower,Hydro Power
CHDC,CEDB Holdings Limited,Investment,Investment
CHL,Chhyangdi Hydropower Ltd.,Hydropower,Hydro Power
CIT,Citizen Investment Trust,Investment,Investment
CITY,City Hotel Limited,Hotels And Tourism,Hotels And Tourism
CKHL,Chirkhwa Hydropower Limited,Hydropower,Hydro Power
CLI,Citizen Life Insurance Company Limited,Life Insurance,Life Insurance
CORBL,Corporate Development Bank Limited,Development Banks,Development Bank
CREST,Crest Micro Life Insurance Limited,Life Insurance,Life Insurance
CYCL,CYC Nepal Laghubitta Bittiya Sanstha Limited,Microfinance,Microfinance
CZBIL,Citizens Bank International Limited,Commercial Banks,Commercial Bank
DDBL,Deprosc Laghubitta Bittiya Sanstha Limited,Microfinance,Microfinance
DHEL,Daramkhola Hydro Energy Limited,Hydropower,Hydro Power
DHPL,Dibyashwori Hydropower Ltd.,Hydropower,Hydro Power
DLBS,Dhaulagiri Laghubitta Bittiya Sanstha Limited,Microfinance,Microfinance
DOLTI,Dolti Power Company Limited,Hydropower,Hydro Power
DORDI,Dordi Khola Jal Bidyut Company Limited,Hydropower,Hydro Power
EBL,Everest Bank Limited,Commercial Banks,Commercial Bank
ECL,Everest Colour Limited,Manufacturing And Processing,Manufacturing And Processing
EDBL,Excel Development Bank Ltd.,Development Banks,Development Bank
EHPL,Eastern Hydropower Limited,Hydropower,Hydro Power
ENL,Emerging Nepal Limited,Investment,Investment
FMDBL,First Micro Finance Laghubitta Bittiya Sanstha Limited,Microfinance,Microfinance
FOWAD,Forward Microfinance Laghubitta Bittiya Sanstha Limited,Microfinance,Microfinance
GBBL,Garima Bikas Bank Limited,Development Banks,Development Bank
GBIME,Global IME Bank Limited,Commercial Banks,Commercial Bank
GBLBS,Grameen Bikas Laghubitta Bittiya Sanstha Ltd.,Microfinance,Microfinance
GCIL,Ghorahi Cement Industry Limited,Manufacturing And Processing,Manufacturing And Processing
GFCL,Goodwill Finance Limited,Finance,Finance
GHL,Ghalemdi Hydro Limited,Hydropower,Hydro Power
GILB,Global IME Laghubitta Bittiya Sanstha Ltd.,Microfinance,Microfinance
GLBSL,Gurans Laghubitta Bittiya Sanstha Limited,Microfinance,Microfinance
GLH,GreenLife Hydropower Limited,Hydropower,Hydro Power
GMFBS,Ganapati Laghubitta Bittiya Sanstha Limited,Microfinance,Microfinance
GMFIL,Guheshowori Merchant Bank & Finance Co. Ltd.,Finance,Finance
GMLI,Guardian Micro Life Insurance Limited,Life Insurance,Life Insurance
GRDBL,Green Development Bank Ltd.,Development Banks,Development Bank
GUFL,Gurkhas Finance Ltd.,Finance,Finance
GVL,Green Ventures Limited,Hydropower,Hydro Power
HATHY,Hathway Investment Nepal Limited,Investment,Investment
HBL,Himalayan Bank Limited,Commercial Banks,Commercial Bank
HDHPC,Himal Dolakha Hydropower Company Limited,Hydropower,Hydro Power
HDL,Himalayan Distillery Limited,Manufacturing And Processing,Manufacturing And Processing
HEI,Himalayan Everest Insurance Limited,Non-Life Insurance,Non Life Insurance
HFIN,Hotel Forest Inn Limited,Hotels And Tourism,Hotels And Tourism
HHL,Himalayan Hydropower Limited,Hydropower,Hydro Power
HIDCL,Hydorelectricity Investment and Development Company Ltd,Investment,Investment
HIMSTAR,Him Star Urja Company Limited,Hydropower,Hydro Power
HLBSL,Himalayan Laghubitta Bittiya Sanstha Limited,Microfinance,Microfinance
HLI,Himalayan Life Insurance Limited,Life Insurance,Life Insurance
HPPL,Himalayan Power Partner Ltd.,Hydropower,Hydro Power
HRL,Himalayan Reinsurance Limited,Others,Others
HURJA,Himalaya Urja Bikas Company Limited,Hydropower,Hydro Power
ICFC,ICFC Finance Limited,Finance,Finance
IGI,IGI Prudential insurance Limited,Non-Life Insurance,Non Life Insurance
IHL,Ingwa Hydropower Limited,Hydropower,Hydro Power
ILBS,Infinity Laghubitta Bittiya Sanstha Limited,Microfinance,Microfinance
ILI,IME Life Insurance Company Limited,Life Insurance,Life Insurance
JBBL,Jyoti Bikas Bank Limited,Development Banks,Development Bank
JBLB,Jeevan Bikas Laghubitta  Bittya Sanstha Ltd,Microfinance,Microfinance
JFL,Janaki Finance Company Limited,Finance,Finance
JHAPA,Jhapa Energy Limited,Others,Others
JOSHI,Joshi Hydropower Development Company Ltd,Hydropower,Hydro Power
JSLBB,Janautthan Samudayic Laghubitta Bittya Sanstha Limited,Microfinance,Microfinance
KAHL,Kalanga Hydro Limited,Hydropower,Hydro Power
KBL,Kumari Bank Limited,Commercial Banks,Commercial Bank
KBSH,Kutheli Bukhari Small Hydropower Limited,Hydropower,Hydro Power
KDL,Kalinchowk Darshan Limited,Hotels And Tourism,Hotels And Tourism
KHPL,Kalinchock Hydropower Limited,Hydropower,Hydro Power
KKHC,Khanikhola Hydropower Co. Ltd.,Hydropower,Hydro Power
KMCDB,Kalika Laghubitta Bittiya Sanstha Ltd,Microfinance,Microfinance
KPCL,Kalika power Company Ltd,Hydropower,Hydro Power
KSBBL,Kamana Sewa Bikas Bank Limited,Development Banks,Development Bank
LBBL,Lumbini Bikas Bank Ltd.,Development Banks,Development Bank
LEC,Liberty Energy Company Limited,Hydropower,Hydro Power
LICN,Life Insurance Corporation (Nepal) Limited,Life Insurance,Life Insurance
LLBS,Laxmi Laghubitta Bittiya Sanstha Ltd.,Microfinance,Microfinance
LSL,Laxmi Sunrise Bank Limited,Commercial Banks,Commercial Bank
MABEL,Mabilung Energy Limited,Hydropower,Hydro Power
MAKAR,Makar Jitumaya Suri Hydropower Limited,Hydropower,Hydro Power
MANDU,Mandu Hydropower Limited,Hydropower,Hydro Power
MATRI,Matribhumi Lagubitta Bittiya Sanstha Limited,Microfinance,Microfinance
MBJC,Madhya Bhotekoshi Jalavidyut Company Limited,Hydropower,Hydro Power
MBL,Machhapuchhre Bank Limited,Commercial Banks,Commercial Bank
MCHL,Menchhiyam Hydropower Limited,Hydropower,Hydro Power
MDB,Miteri Development Bank Limited,Development Banks,Development Bank
MEHL,Manakamana Engineering Hydropower Limited,Hydropower,Hydro Power
MEL,Modi Energy Limited,Hydropower,Hydro Power
MEN,Mountain Energy Nepal Limited,Hydropower,Hydro Power
MERO,Mero Microfinance Bittiya Sanstha Ltd.,Microfinance,Microfinance
MFIL,Manjushree Finance Ltd.,Finance,Finance
MHCL,Molung Hydropower Company Limited,Hydropower,Hydro Power
MHL,Mandakini Hydropower Limited,Hydropower,Hydro Power
MHNL,Mountain Hydro Nepal Limited,Hydropower,Hydro Power
MKCL,Muktinath Krishi Company Limited,Others,Others
MKHC,Maya Khola Hydropower Company Limited,Hydropower,Hydro Power
MKHL,Mai Khola Hydropower Limited,Hydropower,Hydro Power
MKJC,Mailung Khola Jal Vidhyut Company Limited,Hydropower,Hydro Power
MLBBL,Mithila LaghuBitta Bittiya Sanstha Limited,Microfinance,Microfinance
MLBL,Mahalaxmi Bikas Bank Ltd.,Development Banks,Development Bank
MLBS,Manushi Laghubitta Bittiya Sanstha Limited,Microfinance,Microfinance
MLBSL,Mahila Lagubitta Bittiya Sanstha Limited,Microfinance,Microfinance
MMKJL,Mathillo Mailun Khola Jalvidhyut Limited,Hydropower,Hydro Power
MNBBL,Muktinath Bikas Bank Ltd.,Development Banks,Development Bank
MPFL,Multipurpose Finance Company  Limited,Finance,Finance
MSHL,Mid Solu Hydropower Limited,Hydropower,Hydro Power
MSLB,Mahuli Laghubitta Bittiya Sanstha Limited,Microfinance,Microfinance
NABBC,Narayani Development Bank Limited,Development Banks,Development Bank
NABIL,Nabil Bank Limited,Commercial Banks,Commercial Bank
NADEP,Nadep Laghubittiya bittya Sanstha Ltd.,Microfinance,Microfinance
NBL,Nepal Bank Limited,Commercial Banks,Commercial Bank
NESDO,NESDO Sambridha Laghubitta Bittiya Sanstha Limited,Microfinance,Microfinance
NFS,Nepal Finance Ltd.,Finance,Finance
NGPL,Ngadi Group Power Ltd.,Hydropower,Hydro Power
NHDL,Nepal Hydro Developers Ltd.,Hydropower,Hydro Power
NHPC,National Hydro Power Company Limited,Hydropower,Hydro Power
NICA,NIC Asia Bank Ltd.,Commercial Banks,Commercial Bank
NICL,Nepal Insurance Co. Ltd.,Non-Life Insurance,Non Life Insurance
NICLBSL,NIC ASIA Laghubitta Bittiya Sanstha Limited,Microfinance,Microfinance
NIFRA,Nepal Infrastructure Bank Limited,Investment,Investment
NIL,Neco Insurance Limited,Non-Life Insurance,Non Life Insurance
NIMB,Nepal Investment Mega Bank Limited,Commercial Banks,Commercial Bank
NLG,NLG Insurance Company Ltd.,Non-Life Insurance,Non Life Insurance
NLIC,Nepal Life Insurance Co. Ltd.,Life Insurance,Life Insurance
NLICL,National Life Insurance Co. Ltd.,Life Insurance,Life Insurance
NLO,Nepal Lube Oil Limited,Manufacturing And Processing,Manufacturing And Processing
NMB,NMB Bank Limited,Commercial Banks,Commercial Bank
NMBMF,NMB  Microfinance Bittiya Sanstha Ltd.,Microfinance,Microfinance
NMFBS,National Laghubitta Bittiya Sanstha Limited,Microfinance,Microfinance
NMIC,Nepal Micro Insurance Company Limited,Non-Life Insurance,Non Life Insurance
NMLBBL,Nerude Mirmire Laghubitta Bittiya Sanstha Limited,Microfinance,Microfinance
NRIC,Nepal Reinsurance Company Limited,Others,Others
NRM,Nepal Republic Media Limited,Others,Others
NRN,NRN Infrastructure and Development Limited,Investment,Investment
NTC,Nepal Doorsanchar Company Limited,Others,Others
NUBL,Nirdhan Utthan Laghubitta Bittiya Sanstha Limited,Microfinance,Microfinance
NWCL,Nepal Warehousing Company Limited,Others,Others
NYADI,Nyadi Hydropower Limited,Hydropower,Hydro Power
OHL,Oriental Hotels Limited,Hotels And Tourism,Hotels And Tourism
OMPL,Om Megashree Pharmaceuticals Limited,Manufacturing And Processing,Manufacturing And Processing
PCBL,Prime Commercial Bank Ltd.,Commercial Banks,Commercial Bank
PCIL,Palpa Cement Industries Limited,Manufacturing And Processing,Manufacturing And Processing
PHCL,Peoples Hydropower Company Limited,Hydropower,Hydro Power
PMHPL,Panchakanya Mai Hydropower Ltd,Hydropower,Hydro Power
PMLI,Prabhu Mahalaxmi Life Insurance Limited,Life Insurance,Life Insurance
PPCL,Panchthar Power Compant Limited,Hydropower,Hydro Power
PPL,People's Power Limited,Hydropower,Hydro Power
PRIN,Prabhu Insurance Ltd.,Non-Life Insurance,Non Life Insurance
PROFL,Progressive Finance Limited,Finance,Finance
PRVU,Prabhu  Bank Limited,Commercial Banks,Commercial Bank
PURE,Pure Energy Limited,Others,Others
RADHI,Radhi Bidyut Company Ltd,Hydropower,Hydro Power
RAWA,Rawa Energy Development Limited,Hydropower,Hydro Power
RBCL,Rastriya Beema Company Limited,Non-Life Insurance,Non Life Insurance
RFPL,River Falls Power Limited,Hydropower,Hydro Power
RHGCL,Rapti Hydro And General Construction Limited,Hydropower,Hydro Power
RHPL,RASUWAGADHI HYDROPOWER COMPANY LIMITED,Hydropower,Hydro Power
RIDI,Ridi Power Company Limited,Hydropower,Hydro Power
RLEL,Ridge Line Energy Limited,Hydropower,Hydro Power
RLFL,Reliance Finance Ltd.,Finance,Finance
RNLI,Reliable Nepal Life Insurance Limited,Life Insurance,Life Insurance
RSDC,RSDC Laghubitta Bittiya Sanstha Ltd.,Microfinance,Microfinance
RSML,Reliance Spinning Mills Limited,Manufacturing And Processing,Manufacturing And Processing
RURU,Ru Ru Jalbidhyut Pariyojana Limited,Hydropower,Hydro Power
SABBL,Salapa Bikas Bank Limited,Development Banks,Development Bank
SADBL,Shangrila Development Bank Ltd.,Development Banks,Development Bank
SAGAR,Sagar Distillery Limited,Manufacturing And Processing,Manufacturing And Processing
SAHAS,Sahas Urja Limited,Hydropower,Hydro Power
SAIL,Shreenagar Agritech Industries Limited,Manufacturing And Processing,Manufacturing And Processing
SALICO,Sagarmatha Lumbini Insurance Co. Limited,Non-Life Insurance,Non Life Insurance
SANIMA,Sanima Bank Limited,Commercial Banks,Commercial Bank
SANVI,Sanvi Energy Limited,Hydropower,Hydro Power
SAPDBL,Saptakoshi Development Bank Ltd,Development Banks,Development Bank
SARBTM,Sarbottam Cement Limited,Manufacturing And Processing,Manufacturing And Processing
SBI,Nepal SBI Bank Limited,Commercial Banks,Commercial Bank
SBL,Siddhartha Bank Limited,Commercial Banks,Commercial Bank
SCB,Standard Chartered Bank Limited,Commercial Banks,Commercial Bank
SGHC,Swet-Ganga Hydropower & Construction Limited,Hydropower,Hydro Power
SGHL,Sanigad Hydro Limited,Hydropower,Hydro Power
SGIC,Sanima GIC Insurance Limited,Non-Life Insurance,Non Life Insurance
SHEL,Singati Hydro Energy Limited,Hydropower,Hydro Power
SHINE,Shine Resunga Development Bank Ltd.,Development Banks,Development Bank
SHIVM,SHIVAM CEMENTS LTD,Manufacturing And Processing,Manufacturing And Processing
SHL,Soaltee Hotel Limited,Hotels And Tourism,Hotels And Tourism
SHLB,Shrijanshil Laghubitta Bittiya Sanstha Limited,Microfinance,Microfinance
SHPC,Sanima Mai Hydropower Ltd.,Hydropower,Hydro Power
SICL,Shikhar Insurance Co. Ltd.,Non-Life Insurance,Non Life Insurance
SIFC,Shree Investment Finance Co. Ltd.,Finance,Finance
SIKLES,Sikles Hydropower Limited,Hydropower,Hydro Power
SINDU,Sindhu Bikash Bank Ltd,Development Banks,Development Bank
SIPD,Shikhar power Development Limited,Hydropower,Hydro Power
SJCL,SANJEN JALAVIDHYUT COMPANY LIMITED,Hydropower,Hydro Power
SJLIC,SuryaJyoti Life Insurance Company Limited,Life Insurance,Life Insurance
SKBBL,Sana Kisan Bikas Laghubitta Bittiya Sanstha Limited,Microfinance,Microfinance
SKHEL,Suryakunda Hydro Electric Limited,Hydropower,Hydro Power
SKHL,Super Khudi Hydropower Limited,Hydropower,Hydro Power
SLBBL,Swarojgar Laghubitta Bittiya Sanstha Ltd.,Microfinance,Microfinance
SLBSL,Samudayik Laghubitta Bittiya Sanstha Limited,Microfinance,Microfinance
SMATA,Samata Gharelu Laghubitta Bittiya Sanstha Limited,Microfinance,Microfinance
SMB,Support Microfinance Bittiya Sanstha Ltd.,Microfinance,Microfinance
SMFBS,Swabhimaan Laghubitta Bittiya Sanstha Limited,Microfinance,Microfinance
SMH,Super Mai Hydropower Limited,Hydropower,Hydro Power
SMHL,Super Madi Hydropower Limited,Hydropower,Hydro Power
SMJC,Sagarmatha Jalabidhyut Company Limited,Hydropower,Hydro Power
SMPDA,Sampada Laghubitta Bittiya Sanstha Limited,Microfinance,Microfinance
SNLI,Sun Nepal Life Insurance Company Limited,Life Insurance,Life Insurance
SNORL,Snow Rivers Limited,Hydropower,Hydro Power
SOHL,Solu Hydropower Limited,Hydropower,Hydro Power
SONA,Sonapur Minerals And Oil Limited,Manufacturing And Processing,Manufacturing And Processing
SOPL,Sopan Pharmaceuticals Limited,Manufacturing And Processing,Manufacturing And Processing
SPC,Samling Power Company Limited,Hydropower,Hydro Power
SPDL,Synergy Power Development Ltd.,Hydropower,Hydro Power
SPHL,Sayapatri Hydropower Limited,Hydropower,Hydro Power
SPIL,Siddhartha Premier Insurance Limited,Non-Life Insurance,Non Life Insurance
SPL,Shuvam Power Limited,Hydropower,Hydro Power
SRLI,Sanima Reliance Life Insurance Limited,Life Insurance,Life Insurance
SSHL,Shiva Shree Hydropower Ltd,Hydropower,Hydro Power
STC,Salt Trading Corporation,Tradings,Trading
SWASTIK,Swastik Laghubitta Bittiya Sanstha Limited,Microfinance,Microfinance
SWBBL,Swabalamban Laghubitta Bittiya Sanstha Limited,Microfinance,Microfinance
SWMF,Suryodaya Womi Laghubitta Bittiya Sanstha Limited,Microfinance,Microfinance
SYPNL,SY Panel Nepal Limited,Manufacturing And Processing,Manufacturing And Processing
TAMOR,Sanima Middle Tamor Hydropower Limited,Hydropower,Hydro Power
TPC,Terhathum Power Company Limited,Hydropower,Hydro Power
TPKHL,Taksar Pikhuwa Khola Hydropower Limited,Hydropower,Hydro Power
TRH,Taragaon Regency Hotel Limited,Hotels And Tourism,Hotels And Tourism
TSHL,Three Star Hydropower Limited,Hydropower,Hydro Power
TTL,Trade Tower Limited,Others,Others
TVCL,Trishuli Jal Vidhyut Company Limited,Hydropower,Hydro Power
UAIL,United Ajod Insurance Limited,Non-Life Insurance,Non Life Insurance
UHEWA,Upper Hewakhola Hydropower Company Limited,Hydropower,Hydro Power
ULBSL,Upakar Laghubitta Bittiya Sanstha Limited,Microfinance,Microfinance
ULHC,Upper Lohore Khola Hydropower Company Limited,Hydropower,Hydro Power
UMHL,United Modi Hydropower Ltd.,Hydropower,Hydro Power
UMRH,United IDI Mardi RB Hydropower Limited.,Hydropower,Hydro Power
UNHPL,Union Hydropower Limited,Hydropower,Hydro Power
UNL,Unilever Nepal Limited,Manufacturing And Processing,Manufacturing And Processing
UNLB,Unique Nepal Laghubitta Bittiya Sanstha Limited,Microfinance,Microfinance
UPCL,UNIVERSAL POWER COMPANY LTD,Hydropower,Hydro Power
UPPER,Upper Tamakoshi Hydropower Ltd,Hydropower,Hydro Power
USHEC,Upper Solu Hydro Electric Company Limited,Hydropower,Hydro Power
USHL,Upper Syange Hydropower Limited,Hydropower,Hydro Power
USLB,Unnati Sahakarya Laghubitta Bittiya Sanstha Limited,Microfinance,Microfinance
VLBS,Vijaya laghubitta Bittiya Sanstha Ltd.,Microfinance,Microfinance
VLUCL,Vision Lumbini Urja Company Limited,Hydropower,Hydro Power
WNLB,Wean Nepal Laghubitta Bittiya Sanstha Limited,Microfinance,Microfinance
YMHL,Yambaling Hydropower Limited,Hydropower,Hydro Power
